{
  "3x3 Solve #50": 32.45199966430664,
  "3x3 Solve #10": 39.65599822998047,
  "Master Pyraminx Length": 0,
  "8x8 Length": 0,
  "11x11 Length": 0,
  "Petaminx Length": 0,
  "3x3 Solve #19": 40.819000244140625,
  "5x5 Length": 0,
  "3x3 Solve #14": 36.90399932861328,
  "3x3 Solve #13": 45.25600051879883,
  "3x3 Solve #12": 36.60300064086914,
  "3x3 Solve #11": 30.851999282836914,
  "2x2 Length": 0,
  "Megaminx Length": 0,
  "3x3 Solve #18": 30.733999252319336,
  "3x3 Solve #17": 21.365999221801758,
  "3x3 Solve #16": 30.736000061035156,
  "3x3 Solve #15": 27.32200050354004,
  "Professor Pyraminx Length": 0,
  "3x3 Solve #21": 32.20100021362305,
  "3x3 Solve #20": 36.25199890136719,
  "Gigaminx Length": 0,
  "3x3 Solve #25": 28.91699981689453,
  "3x3 Solve #24": 31.606000900268555,
  "3x3 Solve #23": 29.43400001525879,
  "3x3 Solve #22": 39.22100067138672,
  "3x3 Solve #29": 30.57200050354004,
  "3x3 Solve #28": 23.384000778198242,
  "3x3 Solve #27": 33.73400115966797,
  "3x3 Solve #26": 28.618000030517578,
  "4x4 Length": 0,
  "13x13 Length": 0,
  "3x3 Solve #32": 31.569000244140625,
  "3x3 Solve #31": 36.869998931884766,
  "3x3 Solve #30": 40.41299819946289,
  "7x7 Length": 0,
  "Skewb Length": 0,
  "3x3 Solve #5": 39.569000244140625,
  "3x3 Solve #4": 42.65599822998047,
  "3x3 Solve #7": 34.65599822998047,
  "3x3 Solve #6": 26.427000045776367,
  "3x3 Solve #1": 37.571998596191406,
  "Pyraminx Length": 0,
  "3x3 Solve #0": 24.077999114990234,
  "10x10 Length": 0,
  "3x3 Solve #3": 31.235000610351562,
  "Teraminx Length": 0,
  "3x3 Solve #2": 30.121000289916992,
  "3x3 Solve #36": 37.819000244140625,
  "Clock Length": 0,
  "3x3 Solve #35": 32.486000061035156,
  "3x3 Solve #34": 41.04899978637695,
  "3x3 Solve #33": 38.58599853515625,
  "3x3 Solve #9": 28.10099983215332,
  "3x3 Solve #8": 45.404998779296875,
  "3x3 Solve #39": 46.31999969482422,
  "3x3 Solve #38": 28.555999755859375,
  "3x3 Solve #37": 41.23500061035156,
  "3x3 Solve #43": 33.902000427246094,
  "3x3 Solve #42": 30.472999572753906,
  "3x3 Solve #41": 27.98699951171875,
  "3x3 Solve #40": 2.505000114440918,
  "9x9 Length": 0,
  "3x3 Length": 51,
  "3x3 Solve #47": 23.43400001525879,
  "3x3 Solve #46": 37.92399978637695,
  "6x6 Length": 0,
  "3x3 Solve #45": 38.422000885009766,
  "Magic Length": 0,
  "3x3 Solve #44": 0.08799999952316284,
  "3x3 Solve #49": 31.9060001373291,
  "3x3 Solve #48": 25.683000564575195
}