{
  "4x4 Length": 0,
  "13x13 Length": 0,
  "7x7 Length": 0,
  "Skewb Length": 0,
  "Master Pyraminx Length": 0,
  "8x8 Length": 0,
  "11x11 Length": 0,
  "2x2 Solve #7": 13.60200023651123,
  "2x2 Solve #6": 11.230999946594238,
  "Petaminx Length": 0,
  "2x2 Solve #9": 13.197999954223633,
  "2x2 Solve #8": 25.43600082397461,
  "Pyraminx Length": 0,
  "5x5 Length": 0,
  "10x10 Length": 0,
  "Teraminx Length": 0,
  "Clock Length": 0,
  "2x2 Solve #1": 17.50200080871582,
  "2x2 Solve #0": 17.597999572753906,
  "2x2 Length": 18,
  "Megaminx Length": 0,
  "2x2 Solve #3": 17.06800079345703,
  "2x2 Solve #2": 12.253000259399414,
  "2x2 Solve #5": 28.152000427246094,
  "2x2 Solve #4": 13.319999694824219,
  "Professor Pyraminx Length": 0,
  "9x9 Length": 0,
  "2x2 Solve #12": 11.432999610900879,
  "Gigaminx Length": 0,
  "2x2 Solve #11": 8.95300006866455,
  "2x2 Solve #10": 11.967000007629395,
  "2x2 Solve #16": 15.487000465393066,
  "2x2 Solve #15": 30.719999313354492,
  "2x2 Solve #14": 13.234000205993652,
  "2x2 Solve #13": 15.782999992370605,
  "3x3 Length": 0,
  "2x2 Solve #17": 10.315999984741211,
  "6x6 Length": 0,
  "Magic Length": 0
}